35,19,35,19,35,19,36,18,34,18,33,18,32,18,34,18,35,17,35,19,33,19,35,19,33,18,35,19,35,18,37,19,34,19,34,18,37,19,35,18,34,20,36,20,34,19,36,18,34,20,36,17,36,19,33,17,37,20,36,19,37,19,35,19,34,18,35,21,35,20,36,20,36,21,34,20,37,18,33,18,37,20,34,20,35,19,37,21,35,18,35,17,35,17,32,19,34,18,36,21,34,17,35,19,38,18,35,16,34,17,34,18,36,20,34,18,35,19,34,19,34,16,37,18,34,21,34,19,36,19,35,19,33,19,35,19,34,17,33,15,34,17,33,17,34,16,34,19,35,17,36,21,35,18,36,19,33,18,34,19,36,19,34,18,35,17,33,19,35,16,36,18,34,17,37,20,33,19,33,19,38,21,35,20,36,17,35,19,38,21,34,20
17,90,18,90,17,91,16,89,18,89,19,89,15,88,17,89,16,90,16,88,16,88,16,89,15,89,16,89,14,89,16,88,17,88,17,91,16,88,19,90,16,89,14,90,15,89,17,88,17,90,15,87,15,89,16,89,15,88,17,88,16,92,17,91,17,90,16,91,16,89,17,90,16,89,16,89,15,88,18,91,14,88,16,89,16,90,14,89,15,86,16,90,16,88,17,90,18,90,15,89,14,89,15,90,17,89,20,88,15,91,18,89,15,87,15,90,21,88,19,89,16,89,17,87,18,86,17,89
69,99,70,98,68,98,67,98,66,98,69,97,67,97,69,99,66,99,67,99,70,97,68,99,67,98,68,99,65,99,65,98,68,99,70,97,68,100,71,99,69,100,67,98,68,100,69,99,64,99,66,97,65,100,67,99,65,99,70,100,69,99,70,100
57,163,56,162,58,162,57,161,57,161,57,162,56,163,58,161,56,161,58,162,57,163,56,162,56,163,56,162,56,162,55,163,55,162,57,162,55,163,56,163,54,163,59,162,58,164,56,162,55,162,57,164,54,162,58,162,57,163,58,162,58,162,57,162,57,163,58,164,57,164,57,162,56,161,58,164,54,161,57,162,58,165,57,163,56,161,57,162,57,160,58,161
52,17,51,18,52,18,52,16,50,18,51,16,52,16,53,16,53,18,52,16,54,18,54,17,54,18,52,16,49,17,55,17,51,16,50,16,56,17,50,16
46,6,45,6,44,6,45,5,44,5,46,6,43,7,43,7,45,5,46,6,46,5,45,7,42,7,42,6,45,7,45,5,46,6,46,7,47,6,45,5,46,6,47,5,41,7,44,4,42,8,44,5,42,7,44,8,43,7,48,6,46,7,46,7,45,6,47,5,44,7,45,5,46,6,45,6,42,7,46,6,44,7,45,5,46,4,43,6,41,6,47,5,46,6,45,6,46,6,46,5,42,6,44,5,43,6,41,6
192,23,193,22,192,21,192,22,191,23,192,20,190,22,190,23,191,24,190,24
71,193,71,192,70,193,70,192,70,193,72,192,72,192,70,193
55,117,54,116,54,116,55,117,53,117,53,117,56,117,55,117,55,116,55,117,52,117,52,116
55,49,55,48,54,49,55,47,53,48,53,49,55,48,53,50,54,48,54,47,53,47,54,50,53,50,55,48,53,51,53,48,52,51,54,50,55,49,53,48,53,47,54,50,54,49,54,51,53,50,54,49
5,97,4,96,4,96,6,96,5,96,6,96,6,96,6,95,7,96,4,96,5,95,7,94,5,95
36,23,36,23,35,24,35,24,36,24,37,24,36,24
20,103,20,102,19,101,19,102,19,102,19,103,18,102,18,101
82,80,83,79,83,80,83,80,84,80,84,79,85,80,83,79,82,79
26,138,25,139,26,139,26,140,26,139,26,140,25,140,25,139,26,140,26,137,27,141,27,139,26,141,26,139
61,63,61,64,61,65,61,66,60,65,60,64,61,64,60,64,59,64,61,66,58,65,60,65,57,65,61,64,62,65
68,158,68,159,67,159
47,142,47,141,47,141,46,143,45,143,47,142,44,144
54,94,53,93,55,95,54,93,56,96,55,95,55,94,53,93,55,94
106,64,105,65,104,65,106,65,105,66,106,66,105,66,107,65,107,66,104,64,104,66,105,66
16,38,17,37,16,37,17,36,18,36,18,35,16,38,18,37,17,37,16,36,17,36,17,36,17,38
14,117,14,118,13,119,13,120
53,107,54,106,55,106,56,105,54,107,56,106,55,106,54,105
16,173,16,174
32,80,33,80,33,81,32,79,32,80,34,81,32,79
85,165,85,166,84,166
124,93,125,92,124,92,124,92,125,93,123,92,123,91,126,93
52,115,52,114,51,115,52,115,51,113,52,114,51,115,52,112,53,114,52,115,52,113,52,115,50,113
