116,93,117,92,117,93,118,91,118,92,118,93,119,91,119,92,119,93,120,90,120,91,120,92,120,93,121,89,121,90,121,91,121,92,121,93,122,87,122,88,122,89,122,90,122,91,122,92,122,93,123,85,123,86,123,87,123,88,123,89,123,90,123,91,123,92,124,83,124,84,124,85,124,86,124,87,124,88,124,89,124,90,124,91,124,92,124,93,125,82,125,83,125,84,125,85,125,86,125,87,125,88,125,89,125,90,125,91,125,92,125,93,125,94,126,82,126,83,126,84,126,85,126,86,126,87,126,88,126,89,126,90,126,91,126,92,126,94,127,82,127,83,127,84,127,85,127,86,127,87,127,88,127,89,127,91,128,83,128,84,128,85,128,86,128,87,129,83,129,84,129,85,129,86,130,84,130,85,130,86,131,84,131,85,131,86,132,84,132,85,132,86
68,111,69,110,70,109,70,110,71,108,71,109,72,108,73,108,74,107,74,108,74,109,74,110,75,107,75,108,75,109,76,108,76,109,77,108,77,109,78,108,78,109,79,108,79,109,80,108,81,107,81,108,82,106,82,107,83,106,83,107,84,106,84,107,85,106,86,105,86,106,87,105,87,106,88,105,89,104,89,105,90,104,90,105,91,104,92,103,92,104,93,102,93,103,94,102,94,103,95,101,95,102,96,100,96,101,97,100,97,101,98,100,99,99,99,100,100,99,100,100,101,98,101,99,102,98,103,98
61,95,61,96,61,97,61,98,61,99,61,100,61,101,61,102,61,103,61,104,62,94,62,95,62,96,63,93,63,94,64,91,64,92,64,93,65,90,65,91,65,92,66,90,66,91,66,92,67,90,67,91,67,92,68,91,68,92,69,91,70,91,71,91
142,161,142,162,142,163,142,164,143,160,143,161,143,162,143,163,143,164,144,160,144,161,144,162,144,163,144,164,144,165,145,159,145,160,145,161,145,162,145,163,145,164,145,165,146,158,146,159,146,160,146,161,146,162,146,163,146,164,146,165,147,158,147,159,147,160,147,161,147,162,147,163,147,164,147,165,148,159,148,160,148,161,148,162,148,163,148,164,149,163,149,164
56,80,56,81,57,81,58,81,58,82,58,83,58,84,59,83,59,84,59,85,59,86,59,87,59,88,60,83,60,84,60,85,61,83,61,84,62,84,63,84
101,129,101,130,102,128,102,129,103,128,103,129,104,128,104,136,104,137,105,128,105,135,105,136,106,128,106,129,106,133,106,134,106,135,107,127,107,128,107,129,107,130,107,131,107,132,107,133,108,127,108,128,108,129,108,130,108,131,108,132,109,127,109,128,109,129,109,130,110,127,110,128,110,129,110,130,111,126,111,127,111,128,111,129,112,126,112,127,112,128,112,129,113,128,113,129,114,129,114,130,115,129,115,130,116,130,116,131
71,116,72,115,73,114,73,115,74,112,74,113,74,114,75,112,75,113,76,112
62,117,62,118,62,119,63,117,63,118,63,119,64,118,64,119
104,154,104,155,105,153,105,154,106,153,106,154,107,153,107,154,108,154,109,154,109,155,110,155
110,141,111,139,111,140,111,141,112,139,112,140,112,141,113,138,113,139,113,140,113,141,114,139,114,140,114,141,115,139,115,140,116,139,116,140,117,138,117,139,117,140,118,138,118,139,119,138,119,139,120,138
84,93,85,91,85,92,85,93,85,94,86,90,86,91,86,92,86,93,86,94,87,91,87,92,87,93
57,125,58,124,58,125,59,124,60,123,60,124,61,123
87,116,87,117,87,118,87,119,88,116,88,117,88,118,89,116
57,116,57,117,58,116,58,117,58,118,59,117,59,118,60,117,60,118
51,109,51,110,52,107,52,108,52,109,52,110,53,105,53,106,53,107,53,108,54,104,54,105,54,106,54,107
109,64,109,65,109,66,110,64,110,65,110,66,111,64,111,65,111,66,112,64,112,65,112,66,112,67,113,65,113,66
115,69,116,68,116,69
52,88,52,89,52,90,53,88,53,89,53,90,53,91
119,77,119,78,119,79,120,77,120,78,120,79,121,77,121,78,121,79
111,77,112,76,112,77,113,75,113,76,114,74,114,75,114,76,115,74,115,75,116,73,116,74
123,78,124,77,124,78,124,79,125,78,125,79,126,78,126,79,127,77,127,78,128,77,128,78,129,77
70,86,71,85,71,86,72,85
111,87,111,88,112,87,112,88,112,89,113,88,113,89,113,90
103,146,104,146
114,146,114,147,114,148,114,149,114,150,115,145,115,146
123,141,123,142,124,142
90,118,90,119,90,120,91,117,91,118,91,119,92,117,92,118
48,147,48,148,48,149,49,145,49,146,49,147,49,148,49,149,49,150,50,145,50,146,50,147,50,148
