-73.9376959293743,11.0157408781843,-73.9373324577196,11.016828076732,-73.9364324209509,11.0189698230304,-73.9363978514787,11.0212748233142,-73.9354447704397,11.0233403600382,-73.9352452167026,11.0255584318951,-73.9354572284756,11.0278654800917,-73.9355953196788,11.0301579379076,-73.9357653687899,11.0324489616678,-73.9358175910238,11.0347631801429,-73.9365448166131,11.0369396643841,-73.9369306129602,11.038023359933
-73.926304488903,11.0156525724442,-73.9276379706367,11.0164491630957,-73.9304744814541,11.0178529217232,-73.9324632555223,11.0202037937283,-73.9342716844337,11.0227561519976,-73.9351939334051,11.0240121825058
-73.9237436224404,11.0193908487746,-73.9243558302376,11.0195595347294,-73.9255772521867,11.0199028657264,-73.9268136423625,11.0202164012862,-73.9279632168232,11.0207027503824,-73.9289442064467,11.0215144546722,-73.9298889987223,11.0224423696132,-73.9312460258681,11.0222770347618,-73.9320993097492,11.0233608833963,-73.9333222712193,11.0236484427288,-73.9345718183899,11.0238877169029,-73.9351939334051,11.0240121825058
-73.9220069428854,11.0236295242988,-73.921963391914,11.0243744542491,-73.9218710785418,11.0258658839271,-73.9218048223169,11.0273494647178,-73.921881224746,11.0288746095558,-73.9225173429502,11.0301387884306,-73.9236073415615,11.0312044353823,-73.924443934588,11.0324025201061,-73.9247648676496,11.0338808909306,-73.9252597585383,11.0353028437653,-73.9252265624294,11.0367830184385,-73.9250809212141,11.0382701712461,-73.9249886360351,11.0397681746285,-73.9239188041213,11.0409272112432,-73.9238487651366,11.0424409804377,-73.9240664180253,11.0439033803931,-73.9244090080494,11.045359806921,-73.9245678093479,11.0460886175277
-73.9164142460132,11.0402898739286,-73.9169947698534,11.0406175036498,-73.9181546836016,11.041276061769,-73.9193202670119,11.0419181265043,-73.9206617630764,11.0420570867979,-73.9219834663465,11.0422448807857,-73.923248013729,11.0426427770496,-73.9238613634272,11.0429096108846
-73.947832905062,11.0927635444201,-73.947608301388,11.0917367792053,-73.9467692273408,11.0900009679433,-73.9447666565068,11.089229428053,-73.9429900148698,11.0882141687522,-73.9409345241873,11.0879557415288,-73.9389212691003,11.0875901385665,-73.9369334494861,11.0871107579604,-73.9349809486537,11.0864854887006,-73.9330407783072,11.0858342762491,-73.9309913062639,11.0854846116011,-73.9291671708757,11.0860948677855,-73.9277580946401,11.0876609092232,-73.9263009880635,11.0890917385529,-73.9247170043801,11.0903780552771,-73.9229962393264,11.0914999580138,-73.9212896589213,11.0926018094279,-73.9196551950249,11.0940185992993,-73.9176385819369,11.093661492852,-73.9160610540499,11.0922856107974,-73.9142644354618,11.0913028182483,-73.9125054123195,11.0902525724705,-73.9107399072037,11.0892139565598,-73.9098578028432,11.0886934856177
-73.9439445453133,11.0472297615683,-73.9444779548187,11.0465093759394,-73.9455458475154,11.045069417578,-73.9466083717837,11.0436253947342,-73.9477020329361,11.0422049458887,-73.9482511312651,11.0414964384007
-73.9352229907367,11.0477385189186,-73.9343396523142,11.0471589320838,-73.9325641573911,11.0460168951489,-73.9308327528581,11.0447891745404,-73.9288230362528,11.0441023155743,-73.9278460091574,11.0437047999269
-73.9126237820995,11.0543957905463,-73.9132567397702,11.0549623511373,-73.9144721674623,11.0561790782411,-73.9159400334008,11.0569777757353,-73.9175601501306,11.0575364343903,-73.9191916335814,11.0580125698451,-73.9208495632182,11.0584092030498,-73.9216758834179,11.0586154698771
-73.9129337352472,11.0587112920644,-73.9135034973349,11.0590280050376,-73.9146203824025,11.0597112157013,-73.9158504630084,11.0601455027778,-73.9170825087507,11.0605756377554,-73.9183161064251,11.0610013763831,-73.91953842737,11.0614576452089,-73.9201449929811,11.0616982021287
-73.9290036138283,11.064576559321,-73.9282894186929,11.0647581267007,-73.9268636165037,11.06512750357,-73.9254248739066,11.0654656698889,-73.9240611856756,11.0659848574007,-73.9228088743526,11.0667733735866,-73.921548745996,11.0675397635153,-73.9201030640899,11.067902273579,-73.9188286255711,11.0686130827176,-73.9182368528586,11.0690588718642
-73.9274776906396,11.0717531668179,-73.9267816012824,11.0713473311933,-73.9254207639123,11.0704011168668,-73.9239032198204,11.070127617926,-73.922270277225,11.0703391295163,-73.9206611520061,11.070502291491,-73.9190554803196,11.0707394563896,-73.9182522991231,11.0708506385465
-73.9295604834108,11.0787129044742,-73.9301807541876,11.0785239976442,-73.9314666029332,11.0782283307248,-73.9325259157179,11.0775219301025,-73.9335469362861,11.0766871292911,-73.9342592352036,11.0756130537217,-73.9348973366922,11.0743587450331,-73.9363129240619,11.0746013663799,-73.9375944621417,11.0745858963412,-73.9382486361106,11.0746039704604
-73.9401324918991,11.0766644377292,-73.9400287264249,11.0780387441791,-73.9399667005395,11.0808152670455,-73.9391771493386,11.0834522400792,-73.9383040084114,11.0860731793996,-73.9378757969204,11.0873852524312
-73.9493437326471,11.0652729972579,-73.9491318323905,11.0655614333874,-73.9487080330933,11.066138307075,-73.9482842277171,11.0667151736201,-73.9478604575992,11.0672920815914,-73.9474364820107,11.0678687481481,-73.9470137039869,11.0684468217664,-73.9465839460461,11.0690166944297,-73.9461948700421,11.0696343657612,-73.9455686823345,11.0699734460384,-73.9449476638196,11.0703030470724,-73.9441780198225,11.0705473319883,-73.9442949595258,11.0713129928561,-73.9442875474316,11.0720221439606,-73.9444351678031,11.0727238517101,-73.9445900393608,11.0734224973442,-73.9447435969589,11.0741216763175,-73.9448977871287,11.0748207173712,-73.9450494958277,11.0755200526033,-73.9452154607802,11.0762177606844,-73.9452983696824,11.076924937493,-73.9452929264717,11.0776421866996,-73.9453026369619,11.0783577068652,-73.9453097773591,11.0790735288781,-73.9453171846135,11.0797892688486,-73.9453255608182,11.0805051992265,-73.9453278564634,11.081220069202,-73.9453656665152,11.0819411111843,-73.9451964706874,11.0826261815282,-73.9449343348468,11.0832951016274,-73.9446881449701,11.083966792728,-73.9444392192667,11.0846380082159,-73.9441907629602,11.0853093052972,-73.9439422260955,11.0859805884399,-73.9436937030251,11.086651874048,-73.9434451775552,11.0873231593206,-73.9431966524617,11.087994444752,-73.9430723898556,11.0883300875103
-73.9172825770785,11.0985775628947,-73.9171278226848,11.098771949082,-73.9168183152885,11.0991607231427,-73.9165088009366,11.0995494887726,-73.9161993269272,11.0999383033013,-73.9158896178187,11.1003268328686,-73.9155812789618,11.1007170233053,-73.9152649536946,11.1010975334864,-73.914803148994,11.1013017093883,-73.9143663046823,11.1015361394414,-73.9139251777571,11.101765378717,-73.9134847857961,11.1019955086772,-73.9130442670248,11.1022254851192,-73.9128240202615,11.1023404887227
-73.8829663428988,11.0995227492169,-73.8833390574549,11.099501240056,-73.8840844969428,11.0994580246839,-73.8848298845515,11.0994157945632,-73.8855755730597,11.0993678499841,-73.8863195080503,11.0993532069038,-73.887055067918,11.0994976152351,-73.8877920652598,11.0996147329642,-73.88852881288,11.0997365428946,-73.8892656213559,11.0998574902199,-73.8900023144187,11.0999789209742,-73.8907396391048,11.1000983137596,-73.8914732894638,11.1002294509292,-73.892137508257,11.1005824503695,-73.8928136396236,11.1008973842621,-73.8934877271155,11.1012188491709,-73.8941621652824,11.1015391935297,-73.8948365432743,11.1018597301722,-73.8955109316411,11.1021802336624,-73.8958481247871,11.1023404887227
-73.8746520979938,11.0882060537214,-73.8759050056869,11.0885830789453,-73.8786040825651,11.0890526182534,-73.8803368519829,11.0909447132598,-73.8821992417126,11.0929463350322,-73.88246755676,11.0955903892412,-73.8828046672129,11.0982103567803,-73.8829663428988,11.0995227492169
-73.8879085556958,11.0839620798528,-73.8878937083022,11.0847778387473,-73.8878585041802,11.0864084307556,-73.8878508467329,11.0880436516675,-73.8880519476837,11.0896536541402,-73.8884348805447,11.0912428047715,-73.8887864630763,11.0928355505478,-73.8889653893751,11.0936315639215
-73.8780822870239,11.0233011087323,-73.878598195065,11.024020040085,-73.8796282414792,11.0254583435632,-73.8806671362339,11.0268944431778,-73.8816547106133,11.0283433252013,-73.8829413589039,11.029717716635,-73.8824848841025,11.0315262691984,-73.8822931111659,11.033270698261,-73.8820137593841,11.035026148832,-73.8819951788084,11.036779593853,-73.8827932741876,11.0380710871341,-73.8821066643865,11.0398063676412,-73.8812138746496,11.0416181859479,-73.8830428697079,11.042526990231,-73.8836856403509,11.0440419429663,-73.8838950638264,11.0458412300932,-73.8842286107055,11.0475101896391,-73.8842507643301,11.0496767802796,-73.886017154078,11.0489879119331,-73.8876903652152,11.0484843213979,-73.8893467656634,11.0478142223384,-73.8911972088556,11.0479578966135,-73.8909970651857,11.0499506852563,-73.8899210213758,11.051249895922,-73.8886539501332,11.0523939964238,-73.8870479310886,11.0539587546624,-73.8889257109602,11.0537600213776,-73.8905719887598,11.0531522065613,-73.8926270419375,11.0538856034261,-73.8917366725317,11.0554109466506,-73.890937479799,11.0569699265908,-73.8898005635008,11.0584951439076,-73.8905988119222,11.060189300249,-73.8909719841459,11.0619312815224,-73.8923064272828,11.0632501502339,-73.8941196701376,11.0631904365141,-73.8958554873443,11.0634864862065,-73.8975865475845,11.0638698743086,-73.8990170997969,11.0649395290977,-73.9005883787683,11.0658289285757,-73.9007709970627,11.0676962732519,-73.9010702761382,11.0694453888467,-73.9020582512046,11.0709259337313,-73.9029994194845,11.0724245862005,-73.9039142855657,11.0739277519514,-73.9046012323816,11.075597684749,-73.9044026840557,11.0773794185018,-73.9042314810091,11.0791287366556,-73.9033555538007,11.0806613007552,-73.9027778397075,11.0825369750537,-73.9008405572676,11.0820962793311,-73.8989328984577,11.0817028561585,-73.8982070662151,11.0833421677074,-73.8974577274318,11.0849409527705,-73.8967124415004,11.0865467251588,-73.8963393932495,11.0873489126205
-73.8988543022962,11.0819383095119,-73.8981716455289,11.0813212701169,-73.896792117647,11.0801210521453,-73.8954836615017,11.0787515300812,-73.8937629892838,11.0783639717533,-73.8919121399795,11.0782795515175,-73.8900704544213,11.078211831024,-73.888303963473,11.0777407739847,-73.8865705808861,11.0771362368378,-73.8847788193266,11.076628195909,-73.8839836825432,11.0747542072395,-73.8820325256894,11.0745238806917,-73.8802520963499,11.0745275442314,-73.8793384780123,11.0747152113287
-73.9086299491631,11.0739584280405,-73.9081769552794,11.0746289960181,-73.9073128309704,11.0760080809431,-73.9062393893697,11.0771974210193,-73.9049505755689,11.0781915275095,-73.9043277058885,11.0787081041132
-73.90883599589,11.0678064614811,-73.9081737461727,11.0685163384857,-73.9068538364538,11.069939705659,-73.9055109781559,11.0713450070117,-73.9043012216162,11.0728550901245,-73.9037893383221,11.0736833401596
-73.8936474085949,11.0708677271374,-73.8932057391434,11.0699442933189,-73.8921995657817,11.0681153881186,-73.8918075647133,11.0661966707348,-73.8922864153249,11.0641506062016,-73.8924387554626,11.0631403086499
-73.8911377005104,11.0620187095531,-73.8908186578924,11.0627296000446,-73.8902189061683,11.0641813108218,-73.8889273749954,11.0651022558074,-73.8875852978168,11.0660054814855,-73.8872382761214,11.0675457888001,-73.8868370232139,11.0690516736036,-73.8866418198813,11.0698080582564
-73.8905759767643,11.0420121049092,-73.8904696558996,11.0434246389605,-73.89025701417,11.0462497070631,-73.8901506933052,11.0476622411144
-73.8742815690286,11.0293106142609,-73.8754231293252,11.0298154191357,-73.8777736970839,11.0307374798724,-73.8797870290151,11.0320972856743,-73.8812455673268,11.034177234917,-73.8820303158445,11.0351451951943
-73.8747349777946,11.0375574078525,-73.8754839925263,11.0375236657357,-73.8769579487837,11.0375118809363,-73.8785522710706,11.0372215989662,-73.8794484703869,11.0385466005856,-73.8804822159469,11.0396117094867,-73.881291885792,11.040846581655,-73.881536812242,11.0415607420279
-73.9076615895757,11.0116083545986,-73.9067908712751,11.0120882331698,-73.9050156556244,11.0130003713633,-73.9034093352213,11.0141506043019,-73.9019882561113,11.0155483414001,-73.9004223763083,11.0168104626718,-73.8995400593699,11.0186387747435,-73.8992366257479,11.0205305915165,-73.8991948440903,11.0225842244752,-73.900310529371,11.0242815251478,-73.9012382543275,11.0260380007583,-73.9021609027843,11.0277890321021,-73.903301970563,11.0295135541081,-73.9031375989097,11.0314025764071,-73.902940293504,11.0334966175525,-73.9011959095948,11.0346609177659,-73.9008073769418,11.0362556540066,-73.9018015729503,11.0381981148775,-73.9010968472519,11.0401056906996,-73.9005855758983,11.0420222237124,-73.9000071338016,11.0439302514408,-73.8996382618183,11.0458803536847,-73.8994492967824,11.0478681085924,-73.8989102312611,11.0497808379382,-73.8985665333943,11.0516633835602,-73.899222763598,11.0536784821592,-73.8982750479752,11.0554047534913,-73.8972466813641,11.0571131957186,-73.8962530650916,11.0588357465497,-73.8951315977752,11.0604914748628,-73.8942297349895,11.0622073059458,-73.8943050672552,11.0632459489401
-73.909859813799,11.0474403855248,-73.9090221003699,11.0471785350019,-73.9073509649732,11.0466437496123,-73.9056583722686,11.0461643859419,-73.9040902319504,11.0453635762995,-73.9024565093457,11.0448255832513,-73.9006844046111,11.0447842534172,-73.8998121904568,11.0447139221787
-73.889712859198,11.0394292887841,-73.8911287364211,11.0400132322248,-73.893854168213,11.0413513783837,-73.8961031227892,11.0434525290684,-73.8984342286094,11.0454221272487,-73.8995915663951,11.0464200815893
-73.9005977269893,11.0108011945865,-73.9006418798593,11.0115505550811,-73.9007301855994,11.0130492760703,-73.9007743384695,11.0137986365649
-73.9856498479314,11.0302181015955,-73.9836865400889,11.03032604148,-73.9797559614839,11.0305250718189,-73.9758451974795,11.0308083493093,-73.9718195087917,11.0306029933206,-73.9684635536036,11.0332451910554,-73.9692352897259,11.0376840644618,-73.9664273084534,11.0394333333915,-73.9623749573484,11.0383102913537,-73.9585352618236,11.0376863197606,-73.9546640026504,11.0369402364667,-73.9507694697877,11.0364277529328,-73.9468475868527,11.0361074499686,-73.9448893803924,11.0359280804295
-73.8753349826443,11.1024299340758,-73.873725141436,11.1024221584782,-73.8705200413328,11.1024688120634,-73.8672420296619,11.1022044417477,-73.8643869050842,11.1037440100568,-73.8615094150105,11.105167629335,-73.8585917138071,11.1065408848919,-73.8559054192563,11.1082669711365,-73.8535410279845,11.1104443524167,-73.8508905136031,11.1124108131063,-73.8496348345997,11.1151915023034,-73.8493670014691,11.1185793140778,-73.8472935231775,11.1207220910968,-73.8449778684387,11.1230036333454,-73.8432820114196,11.1256780124314,-73.8423316061452,11.1287757106845,-73.8412729996808,11.1318138266794,-73.8401181486113,11.1347861170564,-73.837372266265,11.1366233859378,-73.8351057921653,11.1389391250788,-73.8311564502402,11.1386007473903,-73.8316084850579,11.141655933894,-73.8322800533562,11.1448250055832,-73.8325938841572,11.1463981529093
-73.8271267849389,11.116729502877,-73.8284406708751,11.1170730007296,-73.8312328750865,11.1174995133801,-73.833202917603,11.1192284413038,-73.8348289306087,11.1214640075386,-73.8354554401227,11.1241695089683,-73.8364614503128,11.126671666323,-73.83852433313,11.1285468033019,-73.8404049965288,11.1305300472422,-73.84136355017,11.1315108585162
-73.8453662085216,11.1226917330067,-73.8469860573399,11.1229209066234,-73.8492157781592,11.1244675613302,-73.8503286210804,11.1273789539031,-73.8530356825972,11.1290183112817,-73.8554916537878,11.1308570302088,-73.8566711847977,11.1337661282043,-73.8579975751057,11.1365479671604,-73.8597192498059,11.1390229812845,-73.8616503714295,11.1416198450007,-73.8647996120826,11.141849920907,-73.867816983625,11.1425591326724,-73.8708621718276,11.1419230785478,-73.8739026692904,11.1414977886779,-73.8769439755015,11.1410361601433,-73.8784645477322,11.1408089797425
-73.8842556958622,11.1321143435443,-73.8835157293171,11.1296067611569,-73.8820448214265,11.1245869601185,-73.8805287875378,11.1195903403973,-73.8775448864821,11.1151976055766,-73.8761604491096,11.1102545073542,-73.8756697185896,11.1050186048855,-73.8753349826443,11.1024299340758
-74.0213930663496,11.1278548980644,-74.0202966050866,11.1286583216947,-74.0181035057612,11.1302646922976,-74.0159112904333,11.1318734461884,-74.0137139479195,11.1334683770101,-74.0115464845234,11.1351438629581,-74.0092048736075,11.1363498412175,-74.0064628055435,11.1372751096026,-74.0041575434047,11.1357923413927,-74.001846919266,11.1343769510135,-73.9994165351873,11.1330797032869,-73.9977100727486,11.1310062218136,-73.9962246644654,11.128688912612,-73.9942397215334,11.1269420781031,-73.991757515746,11.1257666999015,-73.9893700609127,11.1244742818393,-73.9869643061886,11.1232127065617,-73.9846152975096,11.1218044020802,-73.9819441124503,11.1212456300379,-73.9793306767262,11.1203768820331,-73.9766205721489,11.1209375534402,-73.973928673483,11.1212552245485,-73.9712097394125,11.1209280539111,-73.9685483631013,11.1206893301576,-73.9655686756391,11.1205647668462,-73.9651525056836,11.1233959079038,-73.9643825791396,11.1254682477127,-73.9613196592941,11.1243522120424,-73.9589846022916,11.1255841121576,-73.956407702348,11.1261640031681,-73.9536660152983,11.1260918252615,-73.9509662402326,11.1264004086718,-73.9482577835574,11.1267027009357,-73.9455724622189,11.1261817664819,-73.9428878100737,11.1257590376423,-73.9401760074325,11.1255703018355,-73.9374603623965,11.1253540199996,-73.9347777028977,11.1252219145564,-73.9331874363098,11.1276804837943,-73.9313633290967,11.129663788456,-73.9298498727241,11.1319080058943,-73.928979060114,11.1344428337335,-73.9274553914975,11.1371078686727,-73.9292062151573,11.1387010506112,-73.9321742277719,11.1383162801075,-73.9343255433744,11.1403239958906,-73.9346752206125,11.1430292529417,-73.9328598248177,11.1447061357134,-73.9302785558726,11.1457555177548,-73.9290645087151,11.1463429588485
-73.9124799765687,11.1124120020432,-73.9128552344425,11.1138613550046,-73.9135115734441,11.1167967822134,-73.9146387961757,11.1195486029929,-73.9156726610848,11.1224676668542,-73.9179239253849,11.1241829560229,-73.9207272359478,11.1253605319647,-73.9220736866029,11.1260030912583
-73.9079622112981,11.1249041753817,-73.9066925774291,11.1261418929759,-73.9043336583975,11.1289057154796,-73.9010729958338,11.1302276014069,-73.8976692622033,11.1313207089768,-73.8959817024947,11.1318901405975
-73.9365710154432,11.1044277663699,-73.936138263873,11.1057145335211,-73.9353420972264,11.1082889476466,-73.9341992481111,11.1108589626571,-73.9352622416166,11.113457114704,-73.9362566204947,11.1160631567321,-73.9354568445169,11.1185937218363,-73.9345742589311,11.1211354628758,-73.9350913626859,11.1238545027459,-73.9352099456292,11.1251962927979
-73.9239974409286,11.1123498451102,-73.9249028343171,11.1131181543952,-73.9266971264379,11.1146687237263,-73.9285738918393,11.1161495392514,-73.9297824127656,11.1182014729429,-73.930984260241,11.1203463659966,-73.9335391890241,11.1203476424498,-73.9346813452849,11.1205626423365
-73.9474729586639,11.1099514176017,-73.9463369588745,11.1112598683601,-73.944175898275,11.1140694217708,-73.941460142779,11.1159157157126,-73.9379023214264,11.1162997140485,-73.9362076173358,11.116637942777
-73.9875361349976,11.1431245857595,-73.9875582379927,11.1415468150862,-73.9876112227731,11.1383924520734,-73.9876203136022,11.1352321973913,-73.9878839893487,11.1321061143915,-73.988887489198,11.1290851912988,-73.9889826941597,11.1259158382397,-73.9891211261293,11.1243460047068
-74.0149668777333,11.1066394157809,-74.0129244420489,11.107150209534,-74.0087962470358,11.1080399181823,-74.0048846702438,11.1095890211202,-74.0008599988309,11.1109480065015,-73.9975270642924,11.1135187662381,-73.994207967806,11.1161152890966,-73.990901154242,11.1187260478803,-73.9875941533639,11.1213368093459,-73.9859406716562,11.1226421898105
-73.9689297570818,11.0113794397046,-73.9683396705125,11.0105744575231,-73.9671517038989,11.0089655611259,-73.9660027046612,11.0073513248995,-73.9664399063069,11.0052924505023,-73.966880069238,11.0033979806929,-73.968056337168,11.0016756428307,-73.9678245673566,10.9996748884434,-73.9676556297143,10.9976865319725,-73.9674908617459,10.9957027213166,-73.9671260665927,10.9936899111808,-73.9678631570283,10.9918555062093,-73.9686985159498,10.9900371687024,-73.9691063685619,10.9891263932025
-73.8684890249739,11.0511280467732,-73.8682608513273,11.0506755296626,-73.8678045056824,11.0497704946782,-73.8673481517962,11.0488654635098,-73.8668918457089,11.0479604102091,-73.8664352610699,11.0470554858859,-73.8659802999419,11.0461498098298,-73.8655158763001,11.0452485151941,-73.8651066042299,11.044321683769,-73.8647141386163,11.0433870713552,-73.8643187611086,11.0424538022859,-73.8639240485086,11.0415202541384,-73.863528258357,11.0405870371154,-73.8631382686071,11.0396521124242,-73.8627145539986,11.0387271026172,-73.8625620424946,11.0377213145161,-73.8623105945909,11.0367298952483,-73.8623815619806,11.0357330412744,-73.8625795912993,11.0347353475059,-73.8627558023718,11.0337377937706,-73.8629358609924,11.0327402396306,-73.8631146525705,11.0317425478856,-73.8632971988552,11.030745682175,-73.8634584839433,11.029743997863,-73.8637466713229,11.028771100875,-73.8640089487669,11.0277925150178,-73.8642997835324,11.0268192750515,-73.8644451843052,11.0258196486091,-73.8645267904086,11.0248084409612,-73.8646199044694,11.02379945171,-73.8647077654549,11.022788733284,-73.8648156369353,11.0217861715099,-73.8648086985213,11.0207363989996,-73.8654706089792,11.0199617342539,-73.8661134017537,11.0191792055706,-73.8667594865624,11.0183980358983,-73.867404936849,11.0176165760976,-73.8680509022345,11.0168354980559,-73.8686944115485,11.0160524195889,-73.8693304723696,11.0152632529394,-73.8699678195294,11.0144751376169,-73.8706048971494,11.0136868025146,-73.8712423056692,11.0128987347636,-73.8718779983305,11.0121092826851,-73.8725136698074,11.011319813567,-73.8731493442708,11.0105303466296,-73.8737850219999,11.0097408836472,-73.8744206771478,11.0089513947545,-73.8750564645172,11.0081620573684,-73.8756914811392,11.0073718368529,-73.8763309900241,11.0065867636071,-73.8769443160785,11.0057716898724,-73.8777102468534,11.0051314718019,-73.8785960337143,11.0046286086316,-73.8794610727766,11.0041018545175,-73.8803307425439,11.003581091166,-73.8811933758803,11.0030482741827,-73.8820935970973,11.0025817882281,-73.8829879658922,11.0021049755665,-73.8838833388584,11.0016299348306,-73.8847785392188,11.0011545892472,-73.8856737710424,11.0006793008233,-73.8865689866931,11.0002039742894,-73.8874642679177,10.9997288192561,-73.8883591718724,10.9992526733296,-73.8892562738722,10.9987823012617,-73.8901405648711,10.9982782769353,-73.89109952383,10.9979703923011,-73.892088602576,10.9977416270883,-73.8930725135828,10.9974992871273,-73.8940573112373,10.9972592762347,-73.8950419567452,10.9970188656796,-73.8960266284852,10.9967785240317,-73.896518961732,10.9966583463171
-73.863358979966,10.9873955612771,-73.8622299029666,10.9888853330375,-73.8599550107333,10.9918449274808,-73.8577638096728,10.9949042673116,-73.8550871998095,10.9973850838953,-73.8521592538597,11.0003519907507,-73.8498385122788,10.99968232672,-73.8466414252432,11.0001877795436,-73.8440238547749,11.0029950467134,-73.8418902113694,11.0062263029969,-73.8384297972977,11.0072130799282,-73.834554118179,11.007369119996,-73.8318078516227,11.010087026516,-73.8288677805438,11.0123653228165,-73.8259611240378,11.0147194139823,-73.8245044543275,11.0158888800787
-73.9005977269893,11.0108011945865,-73.9006946273667,11.010419578902,-73.9008884353067,11.0096563503835,-73.9010822073201,11.0088931076126,-73.9012761877083,11.0081299475056,-73.9014689537746,11.0073663056677,-73.9016687973973,11.0066054715512,-73.9018273900031,11.0058282728372,-73.9022459183396,11.0051541723231,-73.9026231920193,11.0044622893797,-73.9029880579092,11.0037740028124,-73.9034686251946,11.0030819204182,-73.9032673918971,11.0024090166088,-73.9028112238322,11.0017432317676,-73.9023987956585,11.0010762255045,-73.901978862905,11.0004094288042,-73.9015602177392,10.9997425961486,-73.9011413516265,10.9990757696628,-73.9007225236081,10.9984089421132,-73.9005131057894,10.9980755284448
-73.8753349826443,11.1024299340758,-73.8761742912262,11.1021103358792,-73.8778523246979,11.1014702545964,-73.8795332766299,11.1008345977625,-73.8811973014924,11.1001732791245,-73.8829599703111,11.0996615068621,-73.8841477024624,11.09827811815,-73.8854086739322,11.0970048107619,-73.8866448887004,11.0956996315985,-73.8879564043599,11.094475601763,-73.8893331677575,11.0933209199857,-73.8906986699831,11.0921542067585,-73.8920664915029,11.0909903341727,-73.8934316584293,11.0898214491882,-73.8948104336219,11.088679797954,-73.8961102138106,11.0873797566171,-73.8978703557561,11.0870028221461,-73.8995962132166,11.0864419175964,-73.9014476880307,11.0868076996571,-73.9026743843526,11.0879980330587,-73.9037889861132,11.0893608576801,-73.9056915131151,11.0888896453462,-73.9074634411412,11.08896365247,-73.9092758225434,11.0889352280881,-73.910858334069,11.088089598177,-73.912399153442,11.0871599087458,-73.9137989319667,11.0860360170416,-73.9151784221266,11.0849087266098,-73.9164767557854,11.0835216681082,-73.9183810584591,11.0838149775427,-73.9197533816876,11.0848279241393,-73.9211846811377,11.0860622700909,-73.9227551346333,11.0858753934385,-73.9242670320333,11.0846967289543,-73.9249094510714,11.0830596797756,-73.9240442741937,11.0813936287775,-73.9224938879521,11.0805574765221,-73.921267445921,11.0794418434946,-73.9207350157741,11.0776611137716,-73.9198764210443,11.0760970929797,-73.9188991479149,11.0745672982065,-73.9184061340216,11.0728838282279,-73.9182575213736,11.0710794152372,-73.9182469697498,11.0692881387584,-73.9181711517613,11.0674803037938,-73.9185127441621,11.0657500001891,-73.9192207264486,11.0640872053327,-73.9198606551307,11.0624105215484,-73.9205425155535,11.0607496625829,-73.9213815802464,11.0591623061566,-73.9222906299799,11.0575967295671,-73.9226225651993,11.055826971417,-73.9230977580593,11.0540821821177,-73.9230020412291,11.0522871508409,-73.922966272584,11.0504995795275,-73.9232284735238,11.0487045718603,-73.9239320820522,11.0470689008715,-73.9250243651794,11.0456704155169,-73.926527079409,11.0446631322218,-73.9280398923972,11.0436545653008,-73.9285276816076,11.0418204437275,-73.9297484085142,11.0406264313879,-73.9313636730257,11.0397805319556,-73.9329349271752,11.0389343070574,-73.9347049007741,11.0385686400831,-73.9364716610623,11.0381956611522,-73.9380589817647,11.0373859960369,-73.9395800098159,11.0363873060459,-73.9412415114742,11.0358862812498,-73.943060684788,11.0359556277753,-73.9444228983332,11.0359314007988,-73.9448896974638,11.0359281094728
-73.9493955169236,11.0438138193592,-73.949235014835,11.0434888131569,-73.9489140444442,11.0428387849529,-73.9485929052787,11.0421888360644,-73.9482727446698,11.041538426464,-73.9479468818594,11.0408907025555,-73.9476542538858,11.0402273255808,-73.9473568708354,11.0395661881586,-73.9470603036222,11.0389046664785,-73.9467635964394,11.03824321074,-73.9464669132619,11.0375817436659,-73.9461702260221,11.0369202786639,-73.9458912194913,11.0362982310457,-73.9457605561817,11.036006916148
-73.9393083049916,11.0628593070288,-73.9384509475974,11.0632972626548,-73.9367761179756,11.0642118530478,-73.9361121524866,11.0660962422969,-73.9352327068898,11.0677835704799,-73.9337528459768,11.069043184106,-73.9323174475421,11.0703281322642,-73.9312156895538,11.0718887877868,-73.9302046029219,11.0735275671402,-73.9303640059109,11.0755043073614,-73.9299386483224,11.0773659278433,-73.9294295979551,11.0792173974883,-73.9288655800629,11.0810737773128,-73.9287150600989,11.0829108468968,-73.9295871980519,11.0848232482979,-73.9299261675587,11.0858448783118
-73.9332809280102,11.0995312648876,-73.9331308647747,11.0991113810459,-73.9328107826343,11.0982744148244,-73.9325904788411,11.0974234412937,-73.9327001900659,11.0965244031225,-73.9327338648587,11.0956426261956,-73.9328937432251,11.0947053464434,-73.9323724365824,11.0940838223988,-73.931611972549,11.0935901179181,-73.930940452292,11.0929448164515,-73.9300486126241,11.0929816247847,-73.9292117256862,11.0928069666106,-73.9284771135015,11.0922721373271,-73.9276810032536,11.0918443958976,-73.927151606632,11.0911342984537,-73.9266747761764,11.0903587903144,-73.9259956138194,11.0898017464729,-73.9254574178724,11.0897766368626
-73.9182092165861,11.0937354194016,-73.9181409452747,11.0940921701399,-73.9180192013438,11.0947283420221,-73.9179122554313,11.0952871843943,-73.9178053124638,11.0958460263969,-73.9176983523336,11.0964048705538,-73.9175914922351,11.0969637021546,-73.9174840491094,11.0975226069381,-73.9173800041148,11.098081085181,-73.9172561533607,11.0986420494847,-73.9175603665301,11.0991493593215,-73.9177909047972,11.0996660645925,-73.9180354285542,11.100180051725,-73.918531114413,11.1004859550973,-73.9189837076677,11.1008275599988,-73.9194436944453,11.1011630394855,-73.9199024126896,11.1014995699317,-73.9203613486111,11.1018359200358,-73.9208202470021,11.1021723012333,-73.9210496999507,11.1023404887227
-73.9036362117682,11.0890258770759,-73.9029888328144,11.0899180845211,-73.9017582121834,11.0916424472783,-73.9005188435085,11.093252454011,-73.8992807285265,11.0948633948195,-73.8986615456662,11.0956687718162
-73.8684890249739,11.0511280467732,-73.8687501732609,11.0511829941664,-73.8692725129656,11.0512928217673,-73.8697946370165,11.0514029852956,-73.8703180118591,11.0515112004446,-73.8708340976058,11.0516307699422,-73.8713926671359,11.0516841617277,-73.871703623061,11.0521232654373,-73.8720221191159,11.0525506565704,-73.8723389991905,11.052980372734,-73.8726580350167,11.0534078512916,-73.8729657523132,11.0538464304542,-73.8733392250368,11.0542206435928,-73.8737712908192,11.0545358645482,-73.8741933105393,11.0548692527974,-73.8746170135751,11.0551526294665,-73.8750397903733,11.0547225309372,-73.8754627527898,11.0544148836472,-73.8758855277343,11.0540860041198,-73.8763092418922,11.0537620667776,-73.876727508242,11.0534297085615,-73.8771846221119,11.0531531036955,-73.8776350708009,11.0528669330666,-73.8780866630549,11.052582403665,-73.8785380590999,11.0522975926629,-73.8789894888339,11.0520128300358,-73.8794409126428,11.0517280587595,-73.8798923383135,11.0514432910037,-73.8803437587384,11.0511585107741,-73.8807952087765,11.0508738018664,-73.881246486381,11.0505886775013,-73.8816987689737,11.0503059745588,-73.882145194071,11.0500091585376,-73.8826782877836,11.0499211623124,-73.8831965114496,11.0497973381222,-73.8837172867804,11.049679661926,-73.8842376221689,11.0495609257308,-73.8849188725411,11.0493978105323
-73.8904120842179,11.0283981216133,-73.8896843670606,11.0290671454835,-73.8881428462413,11.0303389498399,-73.8870317579447,11.031941971117,-73.886257518059,11.0337967477994,-73.8848686549428,11.0352184365219,-73.8833650717794,11.036830015131,-73.8825315369324,11.0377133704691
-73.8937933324069,11.0293527552831,-73.8955070008311,11.0308309593092,-73.8991009028278,11.0339310458404,-73.9009811364003,11.0355529283456
-73.9123871240803,11.0393339185848,-73.9118142584372,11.0400620965589,-73.9107381099689,11.041616790518,-73.909314047412,11.0426797944225,-73.9074706846184,11.0431337914722,-73.9057586554564,11.043853557168,-73.9039514407863,11.0446140098549,-73.903003223493,11.0450129300211
-73.9022166655576,11.0108011945865,-73.9021008424383,11.0110418970811,-73.9018691990112,11.011523303724,-73.9016375415277,11.0120047020978,-73.9014059655711,11.0124861484332,-73.9011739145094,11.0129673152677,-73.9009446325513,11.0134501111465,-73.9006992110764,11.0139234122602,-73.9003801610423,11.0143533937921,-73.9000737022274,11.014790797417,-73.8997653246573,11.0152269880658,-73.8994558683987,11.0156630344783,-73.8991548030264,11.0161011592843,-73.8988044710248,11.0165269579656,-73.8989423820289,11.017074947264,-73.898996523759,11.0176019719063,-73.8990650380943,11.0181325936017,-73.8991310861119,11.0186625979504,-73.8991975593707,11.0191927088506,-73.8993700996509,11.0197018426335
-73.8923264226677,11.0108011945865,-73.8924149194944,11.0110345157701,-73.8925968340037,11.0114984416672,-73.8927541442423,11.0119759499401,-73.8930541590817,11.0123746799903,-73.8933533022353,11.012773888288,-73.8936530727689,11.0131727675114,-73.8939499507086,11.0135731429333,-73.8942635568317,11.013964870238,-73.8944796864481,11.0144069900477,-73.894621329159,11.0148876172838,-73.8947757506432,11.0153616388108,-73.8949279863929,11.0158367871661,-73.8950805577763,11.016311780261,-73.8952333010924,11.0167865780895,-73.8953846771784,11.0172627027772,-73.8955440847124,11.0177310615762,-73.8956566707884,11.0182446888478,-73.8961874939197,11.0183539525456,-73.896646558945,11.0185325940745,-73.8971179356096,11.0186993322117,-73.8975871999141,11.0188681126423,-73.8980568266978,11.0190365426886,-73.8985263913486,11.0192050328843,-73.8989959667934,11.0193735127387,-73.8993700996509,11.0197018426335
-73.8369019793976,11.1047802377868,-73.8372816566631,11.1059688987588,-73.8380458786623,11.1083440754026,-73.8387857633206,11.110729978547,-73.8396842186021,11.1130477099551,-73.8403918778043,11.115511831298,-73.8420857428591,11.1171657847682,-73.8443511177819,11.1183365158866,-73.8462294655,11.1199690703858,-73.8468122051208,11.1211919225677
-73.8700460671771,11.1227357382713,-73.8692596212848,11.1251500467907,-73.8677911349643,11.1300646178746,-73.8658006213225,11.1345494187331,-73.8609866395101,11.1366034367668,-73.8588931767965,11.1378354136662
-73.8991796058395,11.1198253234332,-73.9003049805401,11.1203784482734,-73.9025458589827,11.1215007494283,-73.9048360922186,11.1225427932099,-73.9068400676533,11.1240503297572,-73.908803483386,11.1256253496553,-73.9110668822461,11.1267035952373,-73.9133335947502,11.1277791289354,-73.9155852361718,11.1288635018594,-73.9179803148699,11.1297742960097,-73.9197287624142,11.1312824218481,-73.9200453639852,11.1330635454632,-73.9201445006267,11.1335045673887
-73.9196025794729,11.1113944873426,-73.9198157835346,11.1124187386586,-73.9202469785267,11.1144652392872,-73.9206542391752,11.1165217499325,-73.9212003190165,11.1185202024812,-73.9224531033579,11.1202382583292,-73.923412636054,11.122028843483,-73.9225942887137,11.1240826499961,-73.921982201361,11.1260726564651,-73.9220660065867,11.128207933746,-73.9213180644775,11.1301216266945,-73.9201659686361,11.1319440170605,-73.9201111925659,11.1340453104898,-73.920382905944,11.1351919660304
-73.9291703819739,11.1383980856171,-73.9275866055885,11.1383311743798,-73.9247801375603,11.1386118060291,-73.9233980203361,11.1367267942429,-73.921787884405,11.1352474874847,-73.9196367733727,11.1351416807707,-73.9176658217077,11.136188378525,-73.9155838368507,11.1369177844183,-73.913987891778,11.1383984370097,-73.912441500708,11.1399426272476,-73.910841712969,11.1414420302727,-73.9095127512411,11.1431466189285,-73.9085183509573,11.145103597826,-73.9079876946709,11.1460568482506
-73.9581402987038,11.140725366613,-73.9561583770569,11.1410263300302,-73.952194496416,11.1416279155228,-73.9482308025105,11.1422312077242,-73.9442654601253,11.1428208673531,-73.9403066746722,11.1434698334015,-73.9359920594586,11.1438010129106,-73.9336728788962,11.1439533415971
-73.963842578398,11.1425431487877,-73.96403352844,11.1415926436363,-73.9644094236783,11.1396876970932,-73.9648153431448,11.1378024317516,-73.9650471220883,11.1358030154414,-73.9668824791836,11.1348534949148,-73.9683508171149,11.1336514527721,-73.9695742861556,11.1320599487497,-73.9687688806593,11.1300497382862,-73.9666474300318,11.1301568213446,-73.9647458188563,11.1299355622364,-73.9628412160996,11.1295670626057,-73.9610131031185,11.128973281264,-73.9589738707494,11.1286145679413,-73.9580720169179,11.1269746289148,-73.9578709608304,11.1258330838732
-73.972269761274,11.1037451525068,-73.9724826056351,11.1048727218241,-73.9733942511717,11.1072269380165,-73.9718761126357,11.109085766419,-73.9705057916461,11.1109765181161,-73.9690810532392,11.1128456634195,-73.9681384389448,11.114997171622,-73.9669627456729,11.1170614566911,-73.9666981866325,11.1194130775542,-73.966667585612,11.1206384544268
-73.9811403283082,11.1421797506804,-73.9812164826998,11.1409287062025,-73.9813698073838,11.1384268561115,-73.9815180525646,11.1359238116965,-73.9818951943563,11.1334483624434,-73.9823941326967,11.1309629596165,-73.9819333951344,11.1285096830703,-73.9819002198333,11.1258526590585,-73.9795791475541,11.1245176665766,-73.9776773780422,11.1229145224986,-73.9753750619443,11.1217930924964,-73.9742450043987,11.1211706729854
