Tigres,-73.9470233897121,11.0478132565083,-73.9470713811323,11.0479998241459,-73.9471298185603,11.0481837054378,-73.9471864679862,11.0483680428181,-73.9472433994167,11.0485523300135,-73.947300426822,11.0487364622305,-73.9473565963734,11.0489215745022,-73.947417817074,11.0491009614242,-73.9474495887333,11.0493137203899,-73.9476530034908,11.0493319724432,-73.9478406282891,11.0493679667923,-73.9480308778829,11.049401880375,-73.9482211686631,11.0494305362605,-73.9484144713508,11.0494256206065,-73.9486072548871,11.0494264586453,-73.9488001414244,11.0494263460662,-73.9489929291068,11.0494261835021,-73.949186206918,11.0494272714657,-73.9493766428111,11.049420906248,-73.9495117286777,11.0492707223442,-73.9496571902042,11.0491455976355,-73.9497957477979,11.049013936442,-73.9499653533281,11.0488964349627,-73.9499555751726,11.0487005116827,-73.9499540242211,11.0485081991216,-73.9499510690422,11.0483152647394,-73.9499483120236,11.0481224505645,-73.9499457702709,11.0479295369671,-73.9499417387622,11.0477370996971,-73.9499464305239,11.0475419038853,-73.9499002724194,11.0473627829972,-73.9497809690174,11.0472067849253,-73.9496742153631,11.0470468196066,-73.9495653085195,11.0468875349524,-73.9494567710643,11.0467281335583,-73.9493481704682,11.0465687519387,-73.949239579329,11.0464093684119,-73.949130994589,11.0462499765541,-73.949022361997,11.0460906365896,-73.9489140101179,11.0459309935958,-73.9488040218134,11.045773116885,-73.9487035713481,11.0456049455056,-73.9485475302733,11.0454967758544,-73.9483780336168,11.0454040977285,-73.9482114505845,11.0453028481087,-73.9480408413888,11.0452375359273,-73.9478552930701,11.0453187894584,-73.9476723201949,11.0453749082739,-73.9474888337817,11.0454352696703,-73.947305853153,11.0454953102969,-73.9471203513555,11.0455530329611,-73.9470876026263,11.0457596555595,-73.9470286308083,11.0459407303323,-73.9469742444551,11.0461261921245,-73.9469185684017,11.0463108796262,-73.9468660450846,11.0464958258515,-73.9467958950497,11.0466799940256,-73.9468283525856,11.0468685717832,-73.94686856142,11.0470574822297,-73.9469074491279,11.0472463333356,-73.9469465122961,11.047435207796,-73.9469858438293,11.0476240014699,-73.9470233897121,11.0478132565083,-73.9470713811323,11.0479998241459
Fronterita,-73.9448594650931,11.0441601706669,-73.9450903690757,11.0443307301362,-73.9455255851252,11.0442649535932,-73.9458695684127,11.0441214168164,-73.9461364581151,11.043811247715,-73.9464590566259,11.0435478790872,-73.9464739853277,11.0431439759331,-73.9466256320061,11.042673386044,-73.9462646406342,11.0427434510913,-73.9458721063108,11.0428496942084,-73.9454848422574,11.0429517690756,-73.9450974995358,11.0430426753726,-73.9447983543691,11.0433598035203,-73.9448051045544,11.0437228805018,-73.9448594650931,11.0441601706669,-73.9450903690757,11.0443307301362
Morro enfrente,-73.928841704511,11.0474504879676,-73.9291944904814,11.0477300088931,-73.9295280965002,11.048055919837,-73.9299329115673,11.0481621041632,-73.9303788610932,11.0480750002622,-73.9308956351582,11.0480990081106,-73.9308656360219,11.0475686377309,-73.9309348322657,11.0471310692411,-73.93095562943,11.0466910676396,-73.9305287199232,11.0464478184117,-73.9301789878821,11.046170137053,-73.9298138977182,11.0459022961056,-73.929463778825,11.0456098448212,-73.9290391904304,11.0454552151473,-73.928610915823,11.0453180870699,-73.9281830635533,11.0451191423521,-73.9277563634706,11.0452735958799,-73.9275935303068,11.0456947054475,-73.9276942384396,11.0461313551947,-73.9277851932355,11.046590438514,-73.9281449451575,11.0468752139001,-73.9284783019702,11.0471797806937,-73.928841704511,11.0474504879676,-73.9291944904814,11.0477300088931
Páramo,-73.939059516398,11.0476771321996,-73.9394297782545,11.0473259759363,-73.9396894634347,11.0468625848753,-73.9400232715956,11.0464594295383,-73.9403651085482,11.0460613225439,-73.9407113756917,11.0456668399903,-73.9410230328985,11.0452455624492,-73.9413688975611,11.0448441436965,-73.9415122459923,11.0443322565415,-73.9416790358692,11.0438392900805,-73.941907693303,11.0433432678581,-73.9417417039503,11.0428466595097,-73.9414178457751,11.0425408564761,-73.9409199373741,11.0428335282467,-73.9406340485205,11.0432730311804,-73.9403131539136,11.0436884014991,-73.9399902742788,11.0441017363446,-73.9396649193727,11.0445132562088,-73.9393427826258,11.0449271795624,-73.9390318680937,11.0453499222129,-73.9387231867258,11.0457729285068,-73.9383898841575,11.0461855336438,-73.938202075628,11.0466602820784,-73.9380935057524,11.0471893472961,-73.9380681944006,11.0476467684462,-73.9386104140226,11.0479536934286,-73.939059516398,11.0476771321996,-73.9394297782545,11.0473259759363
Helipuerto II,-73.9369371918897,11.0414806040605,-73.9373069448321,11.041660037138,-73.9377867755133,11.0416440394156,-73.9382178509763,11.0415605926727,-73.9386072466549,11.0412957635188,-73.9389602718728,11.0410178884649,-73.939412064727,11.0407670094486,-73.9391972405921,11.0402892876535,-73.9391108988603,11.039844450362,-73.9389202796991,11.0394291488279,-73.9387378745174,11.0389870500724,-73.9383772625935,11.0387636197886,-73.9379235062232,11.0386379181696,-73.9374740363762,11.0385852106699,-73.9370196456841,11.0386322908245,-73.9365216403752,11.0386124499284,-73.9362902436121,11.0388943476824,-73.9362476771544,11.0393771418336,-73.9361295152165,11.0398282238555,-73.9362995376381,11.0402674168135,-73.9363897526145,11.0407247040731,-73.9366706279027,11.0410853145868,-73.9369371918897,11.0414806040605,-73.9373069448321,11.041660037138
La Isla,-73.9382515468283,11.0322154973219,-73.9378703742693,11.0323968772641,-73.9376323771717,11.0328931923492,-73.9373704378548,11.0333358253079,-73.9371089763919,11.0337856158822,-73.9368856769485,11.03425520948,-73.9366653315485,11.0347221445413,-73.9363890998688,11.0351852277984,-73.9364452318238,11.0356740804173,-73.9366011804479,11.0361780149454,-73.936803256626,11.0366452214173,-73.9371761743014,11.0370106583279,-73.9375101705549,11.037444437163,-73.9379068538424,11.0375699340118,-73.9384366774232,11.0373484899652,-73.9386800024128,11.0369149646413,-73.9387726246855,11.0364223761257,-73.9385112709847,11.0359474893521,-73.938413591746,11.0354438494261,-73.9384218916191,11.0349294071504,-73.9387446578455,11.0345026877016,-73.9390228450581,11.034067313338,-73.9392540399998,11.0335961456358,-73.9392980296078,11.0331045488851,-73.9391527477381,11.03256532097,-73.9388170791527,11.0323035873982,-73.9382515468283,11.0322154973219,-73.9378703742693,11.0323968772641
Buritaca 200 (Ciudad Perdida),-73.9274405126873,11.0342266685705,-73.9279689265618,11.0343106781269,-73.9285611579376,11.0339972869971,-73.9291406616959,11.033749191813,-73.9297327136575,11.0335067216407,-73.9302622040172,11.0331652054514,-73.9308256352017,11.0328186449235,-73.9305499215656,11.0321548018309,-73.9304062807224,11.0315464550132,-73.9303093479427,11.0309224131107,-73.9303573092012,11.030287849231,-73.9305166728622,11.0296413971482,-73.9309931771261,11.0293851005496,-73.9316535741303,11.0294856653621,-73.9322907196254,11.02951457544,-73.9328834814347,11.0296165525148,-73.9329909072707,11.0303141856414,-73.9332040716542,11.030905301147,-73.9332681407266,11.0315398663263,-73.9333144405612,11.0321804251357,-73.93372390981,11.0326845263874,-73.9340102145642,11.0332768959812,-73.9346723368715,11.0334761130802,-73.9348971295956,11.0340916852553,-73.9353028683641,11.0346428054707,-73.9349820775449,11.0352414854007,-73.9348241596983,11.0358723614166,-73.9342385737498,11.036188626909,-73.9337250993937,11.036557401865,-73.9332489297445,11.0369801241963,-73.9327811928626,11.0374179890135,-73.9322255546704,11.0377110515395,-73.9316275496912,11.037934463705,-73.9310367846573,11.0381697833575,-73.9304596756881,11.0384380203702,-73.9298793849299,11.0386995102815,-73.9293045288408,11.0389685654405,-73.9287002465263,11.0391989762149,-73.9282670868951,11.0396536880493,-73.9278693840713,11.0401520460317,-73.9274412887948,11.0406265488812,-73.9271600914268,11.0412005363805,-73.9268551346548,11.0417582060509,-73.9265578870484,11.0423224082106,-73.9262381438519,11.0428637332632,-73.9258528357961,11.0434098819844,-73.9253474560264,11.043600016822,-73.9247361367718,11.0433716256888,-73.924782288785,11.0426676688861,-73.9247187073113,11.0420454455586,-73.9246560554912,11.041408387049,-73.9247921958673,11.040782907041,-73.9248946241183,11.0401555075722,-73.9250005329235,11.0395280463668,-73.9251083519071,11.0389010330872,-73.9251923099759,11.0382698893178,-73.9252728786169,11.0376419954979,-73.9253368379038,11.0369898685748,-73.924894979078,11.0365484978774,-73.9242942633299,11.0362722531084,-73.9239493368199,11.0357970111435,-73.9238901598982,11.0351400636435,-73.9240156330443,11.0345441733661,-73.9246810312259,11.0346374610981,-73.9250889164524,11.0351084222388,-73.9258026221161,11.0350752365789,-73.9262024416537,11.0348033893976,-73.926288927232,11.0341373105539,-73.9264187749545,11.0334248723312,-73.927002522104,11.0337133488945,-73.9274405126873,11.0342266685705,-73.9279689265618,11.0343106781269
Nulicuandecue,-73.8661168102778,11.0220352618302,-73.8663100592578,11.0221525872119,-73.8665867600878,11.0221324572662,-73.8668491429624,11.0221359115589,-73.8671139814407,11.0221353157483,-73.8673784046248,11.0221354363189,-73.8676428639147,11.0221353087058,-73.8679075216963,11.0221359538139,-73.8681709522936,11.0221322107783,-73.8684415474169,11.0221540238842,-73.8686703825211,11.0220268882845,-73.8688963090647,11.0218881505054,-73.8691201593117,11.0217490698743,-73.8693593758988,11.0216236485352,-73.8695084707419,11.0214166142958,-73.869616984994,11.0211727977409,-73.8697323928991,11.0209352557658,-73.8698470194775,11.0206968486279,-73.8699594403631,11.0204573578871,-73.8700858767319,11.0202252339262,-73.8702186384473,11.0199964429897,-73.8703503152694,11.0197670804243,-73.8704821761051,11.0195378146081,-73.8706140177523,11.0193085399254,-73.8707457905169,11.0190792216928,-73.8708779957656,11.0188501736258,-73.8710076749926,11.0186195481155,-73.8711520778652,11.0183981170991,-73.871324314739,11.0182054955666,-73.8715619107335,11.0180099667672,-73.8713795180027,11.0178030720848,-73.8712172845785,11.0175965718226,-73.8710513251652,11.0173902772171,-73.8708875623806,11.0171823542508,-73.8707143458122,11.0169839957929,-73.870497571411,11.0168303115354,-73.8702884307851,11.0166684870804,-73.8700770453399,11.0165108296092,-73.8698714950359,11.0163363104331,-73.8696331787038,11.0162587945027,-73.8693642240471,11.0162720268656,-73.8691004316494,11.0162701486184,-73.8688363040228,11.0162681857388,-73.8685690255106,11.0162818412634,-73.8683209875407,11.0162018709955,-73.8680788244897,11.0160933375885,-73.8678356531972,11.015989703224,-73.8675926564349,11.0158852377434,-73.8673496207334,11.015780859917,-73.8671066441362,11.0156767872813,-73.866863351853,11.0155707958472,-73.8666218945814,11.015476012013,-73.8663697429261,11.0153159013777,-73.866182125121,11.0155500072886,-73.8659831747083,11.0157163114734,-73.8657876860906,11.0158952094688,-73.8655827593104,11.0160663463263,-73.8654309997104,11.0162714562008,-73.8653690236984,11.0165333576106,-73.865291554865,11.016785499483,-73.8652172593722,11.0170394070441,-73.8651394166568,11.0172924800111,-73.8650796839364,11.0175487948537,-73.8650706041692,11.0178140718476,-73.8650528332277,11.0180778112855,-73.8650365563789,11.0183418139078,-73.8650200061481,11.0186057749801,-73.865003602116,11.0188697221679,-73.8649865942743,11.0191337942122,-73.8649730630914,11.0193971310026,-73.8649392757653,11.0196647544599,-73.8650235486393,11.0199073931692,-73.8651520431151,11.0201406733936,-73.8652729504243,11.02037555918,-73.865395159131,11.0206101700793,-73.8655171466193,11.0208448247387,-73.8656391600206,11.0210794917249,-73.8657612391625,11.0213140409905,-73.8658828979477,11.0215492842531,-73.8660070131322,11.0217804812536,-73.8661168102778,11.0220352618302,-73.8663100592578,11.0221525872119
Valle Perdido,-73.8838896881015,11.0375950758611,-73.8840357583045,11.0378883540268,-73.8842046655993,11.0382085648642,-73.8845418112035,11.0382390110376,-73.8848821304269,11.0382857779196,-73.8851837611394,11.0382810952151,-73.8851805470932,11.0378899015246,-73.8852328639129,11.037564440332,-73.8852568402961,11.0372310951379,-73.8850238505724,11.0369704625266,-73.8848620035103,11.0366492125801,-73.8845302665856,11.0366189540622,-73.8841941126347,11.0366049118569,-73.8838487860287,11.0365697576492,-73.8837842567008,11.0369560908406,-73.8837755228196,11.03726757349,-73.8838896881015,11.0375950758611,-73.8840357583045,11.0378883540268
Seis Planadas,-73.8777471669936,11.0455446142912,-73.8780940232561,11.0457688617871,-73.878677098066,11.0456613886737,-73.8792195468289,11.0456105682835,-73.8797695333267,11.045551552164,-73.880314919462,11.0454850576965,-73.880880370037,11.0454716290464,-73.8813300343364,11.0451472838403,-73.8818143397325,11.0448547476398,-73.8821426990541,11.0445045326891,-73.882183395701,11.0438286379883,-73.8816108564979,11.0438212161553,-73.8810746050995,11.043947433456,-73.8805373452801,11.0440630129674,-73.8800920034104,11.0444064731316,-73.8796133419972,11.0446536573883,-73.8790491854921,11.0446207369517,-73.878500258055,11.0446359654301,-73.8779454513017,11.0446424051124,-73.8774831340165,11.044937621417,-73.8777471669936,11.0455446142912,-73.8780940232561,11.0457688617871
Jacinto,-73.8744720433336,11.0535396930037,-73.8740204968083,11.0536915857218,-73.8733946086135,11.053508921783,-73.8738394554233,11.0529394586362,-73.8738742867371,11.0523828535002,-73.8738669631238,11.0517979651528,-73.8738760734901,11.0512172974995,-73.8737826782083,11.0506427019126,-73.8737086588585,11.0500666035757,-73.8736208895644,11.0494934496724,-73.8733861921618,11.048960452834,-73.8731200452499,11.0484320622517,-73.8731895235026,11.0478358770675,-73.8739012858247,11.0478980571136,-73.8741987876182,11.0484110091449,-73.8745733840142,11.0488570655579,-73.8748381475381,11.0493685447908,-73.8750375334868,11.0499156362396,-73.8752510865965,11.0504559508057,-73.8754450143163,11.0510013144516,-73.8755399707376,11.0515798094088,-73.8755931337759,11.0521377200205,-73.8751649131836,11.0525792397139,-73.8748161456653,11.0530305036613,-73.8744720433336,11.0535396930037,-73.8740204968083,11.0536915857218
Finca Jacinto,-73.8805999828917,11.0544620509618,-73.8808379175717,11.0545361752457,-73.8811254729885,11.0544626511083,-73.8813966775186,11.0543971932532,-73.8815777361186,11.0541700077118,-73.8818295123637,11.05398924644,-73.8817471286688,11.0536916672367,-73.8817048941589,11.0534207964088,-73.8817111307148,11.0530916468899,-73.8813863916909,11.053085461142,-73.8811139354621,11.0530208525047,-73.8808341832985,11.0530075576107,-73.8805251065631,11.0529756714911,-73.8803833794672,11.0531802831028,-73.8802874862017,11.053457236069,-73.8802054371205,11.0537219353809,-73.8802622779272,11.0540128699907,-73.8803932443455,11.0542448455377,-73.8805999828917,11.0544620509618,-73.8808379175717,11.0545361752457
Vallecito,-73.8851905415017,11.0484497162543,-73.8856096077448,11.04858039259,-73.8862091973214,11.0481099090521,-73.8868063103862,11.0477743823151,-73.887237759189,11.0472302746458,-73.8876187908804,11.0466682017521,-73.8878863330644,11.0460034365252,-73.8878377172581,11.0453869834762,-73.887367837564,11.0448126275401,-73.8873664127837,11.0441613354004,-73.8875224921729,11.0434800339262,-73.8876697043132,11.0428078164358,-73.8878301519725,11.0421361242273,-73.8879357599049,11.041455539699,-73.8880784425346,11.0407757437857,-73.8879254652215,11.040076200611,-73.8876533128417,11.0396163047405,-73.8869602679086,11.0400590463927,-73.8865383315024,11.0404908531416,-73.8864636167724,11.0412110813673,-73.8863466651839,11.0418873753258,-73.8860225885327,11.0425025714308,-73.885734246024,11.0431283281015,-73.885438623723,11.0437518192314,-73.8851509460331,11.0443783430408,-73.8849928441422,11.0450513447204,-73.8847893109753,11.0457141529816,-73.8847287896655,11.0463916438838,-73.8847389676926,11.047091898878,-73.884942669085,11.0477275806312,-73.8851905415017,11.0484497162543,-73.8856096077448,11.04858039259
Tankua,-73.8943082918874,11.0565806601169,-73.8948867771777,11.0567223866482,-73.8956163110286,11.0564193923076,-73.8959130434341,11.0558195828061,-73.8961251518842,11.0551264611884,-73.8963659710704,11.0544543935197,-73.8966113343006,11.05378106321,-73.8968160524347,11.0530995345143,-73.8968425050688,11.052380422096,-73.8969019394195,11.0516679033958,-73.8969417489702,11.0509534061098,-73.896958994147,11.0502390731127,-73.8969374809187,11.0495165013636,-73.8971710824952,11.0488431978372,-73.8973805418942,11.0481513245273,-73.8978793462285,11.0476235178303,-73.8983228009486,11.0470689669603,-73.8986816647283,11.0464123968825,-73.8980513140098,11.0461534067896,-73.8973423328668,11.0463491040208,-73.8965845115968,11.0464011208146,-73.8961727946041,11.0458899148571,-73.8958946473914,11.0452149180725,-73.8955456343933,11.0445929297683,-73.8951954572712,11.0439676725568,-73.8948314687502,11.0433562903118,-73.8945515127461,11.0426649271757,-73.8937811730396,11.0424395744193,-73.893327051065,11.0429111225443,-73.8935432249487,11.0436012700561,-73.893833142283,11.0442548957185,-73.8941054818488,11.044915968877,-73.8944095445756,11.0455688789084,-73.8945408461044,11.0462633202067,-73.8945641975492,11.0469793597191,-73.8946574301111,11.0477014179096,-73.8942856887838,11.0483366488015,-73.8939932909188,11.0489863802289,-73.8933961750827,11.0494077031713,-73.892847902949,11.0498635124953,-73.8922384343841,11.0502411615041,-73.8916393303887,11.0506320303227,-73.8910392354072,11.0510217405976,-73.8904347217726,11.0514051823246,-73.8898577110434,11.0518273938829,-73.8892954356638,11.052270281514,-73.8887225942568,11.0526987680008,-73.8881984136644,11.0531929852799,-73.8884510445454,11.0539099681592,-73.8891228019342,11.05352381623,-73.8897073094994,11.0531276167971,-73.8903345104489,11.0527811982046,-73.8909726173426,11.0524577356453,-73.8916139457286,11.0521397090151,-73.8922250392165,11.0517661107767,-73.8928392953472,11.0514060127476,-73.8934430880854,11.050981453192,-73.8941064985358,11.050930162586,-73.8947263168396,11.0512745670433,-73.8951235028443,11.05189968774,-73.8953348060456,11.0525413302039,-73.8952880286907,11.0532712062377,-73.8952106593261,11.0539727889914,-73.8949465517828,11.0546432778455,-73.8947587739255,11.0553360113766,-73.8942610189702,11.0559074922217,-73.8943082918874,11.0565806601169,-73.8948867771777,11.0567223866482
Hormiguero,-73.9023262870863,11.0656533725089,-73.9026906745486,11.0658132319104,-73.9031276124327,11.0657191543321,-73.9035554049663,11.0656804088031,-73.903965519181,11.065563607958,-73.9043532188623,11.0653744180955,-73.9047553468154,11.0652118498315,-73.9050933196706,11.0649619409942,-73.9053589194671,11.0646191536435,-73.9056631872763,11.0643082184565,-73.9057258442252,11.0638596958765,-73.9056897636606,11.0634800896175,-73.9054417688183,11.06304887885,-73.9049916880868,11.0631955634999,-73.9045604842364,11.0632227407404,-73.9041960231369,11.0634408527236,-73.9038494464907,11.0636980756125,-73.9035016921638,11.0639508730338,-73.9031431194679,11.0641911123554,-73.9028506346668,11.0645111257425,-73.902638031244,11.0648837436469,-73.9023886729034,11.0652456740548,-73.9023262870863,11.0656533725089,-73.9026906745486,11.0658132319104
Piedra Redonda,-73.9038592509879,11.0680849749188,-73.9042952200633,11.0681815165787,-73.9047810494893,11.0680950971126,-73.9052700745863,11.0680764198703,-73.9056900653069,11.0678342504116,-73.9061297738248,11.0676210652191,-73.9064725171477,11.0673058138514,-73.9067191623236,11.0668783950221,-73.9069180952644,11.0664637859571,-73.9069536910808,11.0659228208825,-73.9066402576358,11.0657193190016,-73.906134208226,11.0656395988231,-73.9056802261882,11.0658199640408,-73.9052146317738,11.0659499958967,-73.9047666442465,11.0661219425272,-73.904364036289,11.066395072139,-73.9039667753333,11.0666594636193,-73.903492052797,11.0668751009067,-73.9034767527429,11.0673920014835,-73.9033443010852,11.0678727088286,-73.9038592509879,11.0680849749188,-73.9042952200633,11.0681815165787
Pueblo Indio,-73.9248323275738,11.0699257069846,-73.9253638228351,11.0700453102173,-73.9259357006222,11.0699851682318,-73.9265187281441,11.0700046710828,-73.9269944747312,11.0697260501328,-73.9274815684896,11.0693999521808,-73.9277578535704,11.0689498804526,-73.92790753311,11.068373589417,-73.9276155482877,11.0678680364655,-73.9274577092723,11.0672805590026,-73.9269366597776,11.0671138905235,-73.9263762617346,11.0669830087651,-73.9258229285929,11.066920848733,-73.9252516966347,11.0670295044594,-73.9247520999346,11.0672397875598,-73.9243853403372,11.0676877093377,-73.9239336474171,11.0680730697414,-73.9240525329217,11.0686682738836,-73.9240301182983,11.0692565928254,-73.9242849260181,11.0696763792314,-73.9248323275738,11.0699257069846,-73.9253638228351,11.0700453102173
Koskunguena,-73.909175133077,11.0837137410462,-73.9098869811509,11.084009196581,-73.9107492026562,11.0836719517876,-73.9113198238208,11.0830380875976,-73.9118571548898,11.0823681262334,-73.9123787602052,11.0816829417212,-73.9128175750382,11.080950537121,-73.9131930162629,11.0801715263975,-73.9134286043225,11.0793580135767,-73.9136469396558,11.0785340053927,-73.9139727390563,11.077760932102,-73.9136748570841,11.076902124907,-73.9131275559786,11.0762538079707,-73.9125948975695,11.0756053868554,-73.9132611035356,11.0748763768419,-73.9131034877656,11.0740041145652,-73.9130016596881,11.0731029970665,-73.9136881759777,11.0725099571009,-73.9143787312385,11.0720027840463,-73.9148150936258,11.0714069802243,-73.9148969691218,11.0705147346254,-73.9150414849607,11.0696738477632,-73.9151646456332,11.0688212502577,-73.9153532969611,11.0679875578752,-73.9156914354673,11.0671945389479,-73.9160040231007,11.0663945891075,-73.9163204287927,11.0655955512905,-73.9166394770064,11.0647979722466,-73.916938852031,11.0639907285406,-73.9173536236683,11.0632400140338,-73.9177995979661,11.0625053546893,-73.918218569515,11.061753138572,-73.9187748220264,11.0610946518238,-73.919277946936,11.0604022804963,-73.9196047536255,11.059602940674,-73.9199450848883,11.05881506872,-73.9202404033696,11.0580076502115,-73.920555177444,11.0572084402202,-73.9209109961088,11.0564258165684,-73.9212532216691,11.0556389673181,-73.9215511251337,11.0548273852375,-73.9216746818019,11.05398920063,-73.9209743042604,11.0537749725785,-73.9205294598458,11.0546446012365,-73.9200235698651,11.0553188722848,-73.9196284201541,11.0560814322817,-73.9193042172129,11.056877882092,-73.9189625888619,11.0576661331075,-73.9185849143847,11.0584381841131,-73.9182104173359,11.0592113694569,-73.9178529018426,11.0599939487809,-73.9173903195882,11.0607190298854,-73.9169413842214,11.0614515753211,-73.9164898753289,11.062182740447,-73.9160401607028,11.0629147231001,-73.915582254004,11.0636431809,-73.9151717054751,11.0643919702921,-73.9149846512817,11.0652367162207,-73.9147599562245,11.0660652580805,-73.9145376120143,11.0668950678166,-73.9143388035858,11.0677334743633,-73.9139964296203,11.0685190321702,-73.9136241597402,11.0692933461392,-73.9132254362374,11.0700592310786,-73.9130153303854,11.0708869340336,-73.9128640026201,11.0717338677167,-73.9127093123755,11.0725799953936,-73.9122634887152,11.0733225022959,-73.9118394145205,11.0740768423405,-73.911575976948,11.0748638043055,-73.911711430344,11.0757267303963,-73.9117734910405,11.0766092590866,-73.9114505853325,11.0772936007839,-73.9108105629889,11.0778846737499,-73.9110480176607,11.0786013344373,-73.9118820118929,11.0790398429011,-73.9122000742769,11.0797353913942,-73.9120066836038,11.0805901091236,-73.9114069010792,11.0812263546039,-73.9108736988641,11.0818971668602,-73.9103391502332,11.0825723312822,-73.9097265870999,11.0831709356576,-73.909175133077,11.0837137410462,-73.9098869811509,11.084009196581
Casa Troja,-73.9059457898606,11.0808624238704,-73.9061025937551,11.0809826004884,-73.9067629406365,11.0804471659009,-73.9073348168008,11.0800215257974,-73.9079057644129,11.0795564630554,-73.9084723898237,11.0790916834438,-73.9090658769943,11.0786646276882,-73.9096859258429,11.0782588147655,-73.9102266068207,11.0778322420555,-73.9099036392849,11.0770638135546,-73.9094465772948,11.0765383985881,-73.9087936415484,11.0765134740201,-73.9082449334898,11.0770687608583,-73.9077790826061,11.0776247195825,-73.907307012192,11.0781855448031,-73.9067894017858,11.0787164991596,-73.906557198951,11.0794254146862,-73.9062903950787,11.0800850453874,-73.9059457898606,11.0808624238704,-73.9061025937551,11.0809826004884
Gorgona,-73.8786895392623,11.1004783990287,-73.8793932210813,11.1002840308618,-73.8800560057992,11.1000604091899,-73.8807276370353,11.0998432590109,-73.8813870862628,11.0996165333793,-73.8821415422009,11.0995660241406,-73.8825106043198,11.0991699307083,-73.8824819258435,11.0984004657336,-73.8824222565409,11.0977831487321,-73.8816114752652,11.0978050083616,-73.8809319074538,11.0977307751094,-73.8802161708297,11.0975939225161,-73.8795862336176,11.0979288788513,-73.8789401036189,11.0982143400065,-73.8783837186955,11.098621269185,-73.8776398043152,11.0989537560829,-73.8779313216011,11.0996114286414,-73.8781107684639,11.1003634262225,-73.8786895392623,11.1004783990287,-73.8793932210813,11.1002840308618
Frontera,-73.9031208146066,11.0887033029702,-73.9034923396614,11.0889820150626,-73.904023305856,11.0890742548486,-73.9045079682697,11.0890881008246,-73.9049995570114,11.0888510195539,-73.9052826330025,11.0884609817561,-73.9055598091127,11.0879885701728,-73.905415298549,11.087497231913,-73.905286426202,11.0869900488655,-73.9050478911809,11.0865600979807,-73.9046117796152,11.0862556848136,-73.9041972635921,11.085989758934,-73.903699971719,11.0862267379917,-73.9031651365679,11.0863293822974,-73.9029383369345,11.0867351301776,-73.9028504119769,11.0872532070709,-73.9026709428471,11.0877616006388,-73.9029018640742,11.088215765146,-73.9031208146066,11.0887033029702,-73.9034923396614,11.0889820150626
Lozano,-73.9003039664081,11.0905080867627,-73.9005651390228,11.0899873484028,-73.9008299027031,11.0894775523332,-73.9011025441476,11.0889183946357,-73.9004691047752,11.0888766561275,-73.89994799932,11.0891584451283,-73.8994996259677,11.0894898945523,-73.8992098656192,11.0900069044653,-73.8988816576174,11.0904858409223,-73.8986255225315,11.0910076576267,-73.8983891041117,11.0915372821596,-73.898114648224,11.0920607714907,-73.8980487004777,11.0926132642048,-73.8979484419115,11.093274460705,-73.8984831053275,11.0934040394568,-73.8989011738925,11.0930590338566,-73.8992087643519,11.0925526402394,-73.8995473439322,11.0920809099112,-73.8997896959433,11.0915505486658,-73.9000487132361,11.0910302800028,-73.9003039664081,11.0905080867627,-73.9005651390228,11.0899873484028
Purgatorio,-73.9047393748152,11.0929460145445,-73.9051394686744,11.0931936566378,-73.905665379662,11.0933562090469,-73.9060831309761,11.0930501704447,-73.9063577524095,11.0926716742784,-73.9063334126811,11.0921388926994,-73.9063247112204,11.0916381038538,-73.9062119631215,11.091131624609,-73.9059455196366,11.0907061491764,-73.9056237871161,11.0903144005345,-73.905346771441,11.0898487656545,-73.9048567437289,11.0897927214126,-73.9043554450782,11.0898039717157,-73.9037764122629,11.0897075797131,-73.9036750553742,11.0901897469997,-73.9035246450982,11.0906998353386,-73.9037536042704,11.091160578109,-73.9039654079355,11.0916230432174,-73.9041697359629,11.0920920949925,-73.9044360733233,11.0925199044291,-73.9047393748152,11.0929460145445,-73.9051394686744,11.0931936566378
Zancudo,-73.9149161550662,11.0962042549436,-73.9154114710701,11.0958324323863,-73.9159284083741,11.0954684825901,-73.9162152209209,11.0949170020246,-73.9160249782629,11.0944487971589,-73.9153541000919,11.094308191209,-73.9147827433929,11.0942698894095,-73.9142394126579,11.0946215222218,-73.9136850834009,11.0948958508317,-73.9131687193119,11.0952440700437,-73.9126488427238,11.0955841619249,-73.912134148297,11.0959361674927,-73.9115918734018,11.0962248182717,-73.9109652790243,11.0964474296589,-73.9107722627441,11.0969522535549,-73.9109587149255,11.0975108142382,-73.9115950009174,11.0977684330271,-73.9121623198894,11.0976233683696,-73.9127435942138,11.0973840748372,-73.9133268777728,11.0971694496656,-73.9138841505714,11.0969010432044,-73.9143939571393,11.0965423074644,-73.9149161550662,11.0962042549436,-73.9154114710701,11.0958324323863
Pirámide (Julepia),-73.9232988945655,11.0894954277002,-73.9240145122618,11.0891579298228,-73.9246396270459,11.0886280788142,-73.9252838361241,11.0881348936747,-73.9259039823496,11.0876140664526,-73.9264211041243,11.0869759102164,-73.9271774072982,11.0866573491357,-73.9279571274966,11.0863516122095,-73.9281780271377,11.0854955827612,-73.9280104520396,11.0847373589464,-73.927722090063,11.0839709918528,-73.9274248276085,11.0832152727561,-73.92717969242,11.0824474328077,-73.9271845962472,11.0816286810658,-73.9271553572432,11.0808178238947,-73.9266583059696,11.0800901390735,-73.9262944217663,11.0807674031515,-73.9262264751926,11.0815935163739,-73.926108149533,11.0823941571642,-73.92599616076,11.083198783402,-73.9258973834383,11.0840050823835,-73.9257872117729,11.0848071822602,-73.9257321947185,11.0856328040221,-73.9253576443422,11.0863214935779,-73.9248953389415,11.0870189802579,-73.9241462251331,11.0873420327399,-73.9234118655272,11.0876874263319,-73.9226779555432,11.0880329438473,-73.9219509487328,11.0884072196015,-73.9211820732592,11.0886088219993,-73.9203631759163,11.0886044290222,-73.9195528442956,11.0886342136812,-73.9187411402113,11.0886649278988,-73.9179291051862,11.0886558871285,-73.9171181889472,11.0886566984471,-73.9163003540149,11.0885835455034,-73.9155229124564,11.0889443260448,-73.9159543144086,11.0897532067185,-73.9168315853251,11.0896147300376,-73.917632385522,11.089636709449,-73.9184461410718,11.0896433096618,-73.9192574538102,11.0896679883572,-73.9200692129332,11.0896912170983,-73.9208807365603,11.0897050670821,-73.9216942358654,11.0897311290009,-73.922496611216,11.089670990467,-73.9232988945655,11.0894954277002,-73.9240145122618,11.0891579298228
Alto de Mira,-73.9323098266577,11.0920800800364,-73.9326621965564,11.0921974806093,-73.933150445709,11.0918294192869,-73.9336326608432,11.0919039152477,-73.9341432700717,11.0921074293132,-73.9345621640691,11.0923977547606,-73.9348453254519,11.0928633761855,-73.935158093394,11.0932902325301,-73.9354289545952,11.0937743833789,-73.935921649682,11.0939535322825,-73.9363928892037,11.0939761416295,-73.9364117248417,11.0933434437302,-73.9362823873247,11.0928711406746,-73.9359811327723,11.0924191721206,-73.9357488090884,11.0919250972781,-73.9352748172283,11.0916633256649,-73.9348299800733,11.091374996336,-73.9343389161551,11.0911244400385,-73.9340960581108,11.0906738032686,-73.933929944555,11.0901612897762,-73.9337512492093,11.0896592208831,-73.9335713001148,11.0891563611165,-73.933411455303,11.0886478019917,-73.9333238295281,11.088124526589,-73.933290772454,11.0875634641364,-73.9328580841382,11.0872438402607,-73.9324390329531,11.0869936036429,-73.9321758583826,11.0875813176684,-73.9321925626494,11.0880879320572,-73.9322360893619,11.0886247474978,-73.9322921156726,11.0891543488349,-73.9322463219482,11.0896970337412,-73.9321499554203,11.0901579212401,-73.93163011401,11.0897049992002,-73.931265172086,11.0902406713695,-73.9307051772022,11.0901907104901,-73.9301668610738,11.0901984165886,-73.9296935253732,11.0904457538688,-73.9291247925991,11.0905659255365,-73.9290783563575,11.0912531964744,-73.9295208544955,11.0912603460805,-73.9300667558959,11.0911863149135,-73.9305955686925,11.0911763292214,-73.9311345080824,11.0911755373889,-73.9316397045087,11.0913374342674,-73.9321703716267,11.0914703769398,-73.9323098266577,11.0920800800364,-73.9326621965564,11.0921974806093
Piscina,-73.9279064366675,11.0967952106532,-73.9284863340773,11.0968821285205,-73.9290912128382,11.0967904214357,-73.9296892852192,11.0967196080377,-73.9297514735691,11.0960539483281,-73.929521938339,11.0954772526718,-73.9292271684822,11.0950420064715,-73.9285692213269,11.0950877474343,-73.9279786123544,11.0950577691042,-73.9273471515835,11.0950011193681,-73.9268934634203,11.0951802173612,-73.9267267992046,11.0958389543514,-73.9267239527326,11.0963197475261,-73.9273734690883,11.0965180915589,-73.9279064366675,11.0967952106532,-73.9284863340773,11.0968821285205
La Estrella,-73.9306753116739,11.0816731626685,-73.9309162295061,11.0818139035525,-73.9313708756543,11.0815956842466,-73.9317700230079,11.0814170823676,-73.9319500145835,11.0809796243839,-73.9321985799477,11.0805934440029,-73.9322548583583,11.08015845411,-73.9324456507657,11.0796307595318,-73.9318935041996,11.079663042307,-73.9314939506664,11.0797267193944,-73.9311800814666,11.0800844022979,-73.9308499717295,11.0803907329817,-73.9305316208824,11.0807111711679,-73.9306593931461,11.081174197188,-73.9306753116739,11.0816731626685,-73.9309162295061,11.0818139035525
Test,-74.0004318037396,11.1432599391628,-74.0036328686171,11.1400095977867,-74.0035253774005,11.1321206507161,-73.9996661672901,11.1287194124406,-73.9926915113464,11.1282505798194,-73.985096835461,11.125803267803,-73.9843377250594,11.1322944265029,-73.9829826994171,11.1395702629763,-73.9858747983218,11.1430910266498,-73.993184197628,11.1424983724014,-74.0004318037396,11.1432599391628,-74.0036328686171,11.1400095977867
